<manifest alg="2" build="2018.1.0.386" opt="true" iceEnabled="true" iceMarkupVersion="2" iceEnabledOptions="link,responsive,cachebuster,textStyling" exportTarget="other" domain="http://smartcity.lsu.edu" resolutions="1x" timestamp="1533754280612">
  <folder name="css">
    <file name="site_global.css" crc="327730298"/>
    <file name="master_a-master.css" crc="186644901" ref="index:our-city---smart-safe-connected:research---smart-safe-connected"/>
    <file name="nomq_preview_master_a-master.css" crc="3825422339" ref="index:our-city---smart-safe-connected:research---smart-safe-connected"/>
    <file name="index.css" crc="244267896" ref="index"/>
    <file name="nomq_index.css" crc="4020112574" ref="index"/>
    <file name="our-city---smart-safe-connected.css" crc="13755114" ref="our-city---smart-safe-connected"/>
    <file name="nomq_our-city---smart-safe-connected.css" crc="3882642950" ref="our-city---smart-safe-connected"/>
    <file name="research---smart-safe-connected.css" crc="61837991" ref="research---smart-safe-connected"/>
    <file name="nomq_research---smart-safe-connected.css" crc="400286470" ref="research---smart-safe-connected"/>
  </folder>
  <folder name="fonts">
    <file name="carroisgothic-regular-webfont.woff" crc="4139156405"/>
    <file name="carroisgothic-regular-webfont.eot" crc="3976375516"/>
    <file name="carroisgothic-regular-webfont.svg" crc="249815926"/>
    <file name="bebaskai-webfont.woff" crc="336753294"/>
    <file name="bebaskai-webfont.eot" crc="45092340"/>
    <file name="bebaskai-webfont.svg" crc="91953472"/>
  </folder>
  <folder name="assets">
    <file name="schedule_web.pdf" crc="3760141696" seo="true" mt="1533753995000"/>
  </folder>
  <folder name="scripts">
    <file name="jquery-1.8.3.min.js" crc="209076791" ref="index:our-city---smart-safe-connected:research---smart-safe-connected"/>
    <file name="museutils.js" crc="340535759" ref="index:our-city---smart-safe-connected:research---smart-safe-connected"/>
    <file name="whatinput.js" crc="86476730" ref="index:our-city---smart-safe-connected:research---smart-safe-connected"/>
    <file name="museconfig.js" crc="310584261" ref="index:our-city---smart-safe-connected:research---smart-safe-connected"/>
    <file name="webpro.js" crc="4059564322" ref="index:our-city---smart-safe-connected:research---smart-safe-connected"/>
    <file name="musewpslideshow.js" crc="3862962738" ref="index:our-city---smart-safe-connected:research---smart-safe-connected"/>
    <file name="jquery.museoverlay.js" crc="4147669564" ref="index:our-city---smart-safe-connected:research---smart-safe-connected"/>
    <file name="touchswipe.js" crc="4075097462" ref="index:our-city---smart-safe-connected:research---smart-safe-connected"/>
    <file name="jquery.musepolyfill.bgsize.js" crc="4260645839" ref="index:our-city---smart-safe-connected:research---smart-safe-connected"/>
    <file name="jquery.watch.js" crc="51536988" ref="index:our-city---smart-safe-connected:research---smart-safe-connected"/>
    <file name="jquery.museresponsive.js" crc="527716135" ref="index:our-city---smart-safe-connected:research---smart-safe-connected"/>
    <file name="require.js" crc="7928878" ref="index:our-city---smart-safe-connected:research---smart-safe-connected"/>
  </folder>
  <folder name="images">
    <file name="ssc_logo.png" crc="3972286768" seo="true" ref="index:our-city---smart-safe-connected:research---smart-safe-connected">
      <caption webpage="index" alt=""/>
      <caption webpage="index" alt=""/>
      <caption webpage="index" alt=""/>
      <caption webpage="research---smart-safe-connected" alt=""/>
      <caption webpage="research---smart-safe-connected" alt=""/>
      <caption webpage="research---smart-safe-connected" alt=""/>
      <caption webpage="our-city---smart-safe-connected" alt=""/>
      <caption webpage="our-city---smart-safe-connected" alt=""/>
      <caption webpage="our-city---smart-safe-connected" alt=""/>
    </file>
    <file name="lsu3057-3063 br on river pano.jpg" crc="4059836363" ref="index">
      <caption webpage="index" alt=""/>
    </file>
    <file name="lsu0129 br state capitol.jpg" crc="4135858072" ref="index">
      <caption webpage="index" alt=""/>
      <caption webpage="index" alt=""/>
      <caption webpage="index" alt=""/>
    </file>
    <file name="jz0306 mississippi river.jpg" crc="45913039" ref="index">
      <caption webpage="index" alt=""/>
      <caption webpage="index" alt=""/>
      <caption webpage="index" alt=""/>
    </file>
    <file name="lsu_lastateuniv_horz_gry.png" crc="108812778" seo="true" ref="index:our-city---smart-safe-connected:research---smart-safe-connected">
      <caption webpage="index" alt=""/>
      <caption webpage="index" alt=""/>
      <caption webpage="index" alt=""/>
      <caption webpage="research---smart-safe-connected" alt=""/>
      <caption webpage="research---smart-safe-connected" alt=""/>
      <caption webpage="research---smart-safe-connected" alt=""/>
      <caption webpage="our-city---smart-safe-connected" alt=""/>
      <caption webpage="our-city---smart-safe-connected" alt=""/>
      <caption webpage="our-city---smart-safe-connected" alt=""/>
    </file>
    <file name="lsu_comp_tech_horz_gry.png" crc="4275579846" seo="true" ref="index:our-city---smart-safe-connected:research---smart-safe-connected">
      <caption webpage="index" alt=""/>
      <caption webpage="index" alt=""/>
      <caption webpage="index" alt=""/>
      <caption webpage="research---smart-safe-connected" alt=""/>
      <caption webpage="research---smart-safe-connected" alt=""/>
      <caption webpage="research---smart-safe-connected" alt=""/>
      <caption webpage="our-city---smart-safe-connected" alt=""/>
      <caption webpage="our-city---smart-safe-connected" alt=""/>
      <caption webpage="our-city---smart-safe-connected" alt=""/>
    </file>
    <file name="lsu3057-3063 br on river pano-u644-fr.jpg" crc="4131288000" ref="index"/>
    <file name="blank.gif" crc="4208392903" ref="index:our-city---smart-safe-connected:research---smart-safe-connected"/>
    <file name="lsu3640 baton rouge aerial.jpg" crc="3861848732" ref="our-city---smart-safe-connected">
      <caption webpage="our-city---smart-safe-connected" alt=""/>
    </file>
    <file name="mappurple.jpg" crc="375589530" ref="our-city---smart-safe-connected"/>
    <file name="vis.png" crc="438475148" ref="our-city---smart-safe-connected">
      <caption webpage="our-city---smart-safe-connected" alt=""/>
    </file>
    <file name="lsu3640 baton rouge aerial-u35659-fr.jpg" crc="342605293" ref="our-city---smart-safe-connected"/>
    <file name="mappurple-u60902-fr.jpg" crc="477427532" ref="our-city---smart-safe-connected"/>
    <file name="vis-u32762-fr.png" crc="509700595" ref="our-city---smart-safe-connected"/>
    <file name="lsu3640 baton rouge aerial-u35659-fr2.jpg" crc="387893400" ref="our-city---smart-safe-connected"/>
    <file name="mappurple-u60902-fr2.jpg" crc="369178195" ref="our-city---smart-safe-connected"/>
    <file name="vis-u32762-fr2.png" crc="157701535" ref="our-city---smart-safe-connected"/>
    <file name="car1-u34143-fr.jpg" crc="3985483678" ref="research---smart-safe-connected"/>
    <file name="pasted image 425x638-u34224-fr.jpg" crc="144348844" ref="research---smart-safe-connected"/>
    <file name="pasted image 1500x2100-u34187-fr.jpg" crc="3809960940" ref="research---smart-safe-connected"/>
    <file name="pasted image 1500x2100-u92509-fr.jpg" crc="286256287" ref="research---smart-safe-connected"/>
    <file name="dipak.jpg" crc="3970883306" ref="research---smart-safe-connected">
      <caption webpage="research---smart-safe-connected" alt=""/>
    </file>
    <file name="kisunglee.jpg" crc="203680395" ref="research---smart-safe-connected">
      <caption webpage="research---smart-safe-connected" alt=""/>
    </file>
    <file name="pasted image 240x240.jpg" crc="4033111665" ref="research---smart-safe-connected">
      <caption webpage="research---smart-safe-connected" alt=""/>
    </file>
    <file name="pasted image 200x200.jpg" crc="3774794055" ref="research---smart-safe-connected">
      <caption webpage="research---smart-safe-connected" alt=""/>
    </file>
    <file name="ostrenko_derick-e1402603016988-150x150.jpg" crc="502462979" ref="research---smart-safe-connected">
      <caption webpage="research---smart-safe-connected" alt=""/>
    </file>
    <file name="nykim.jpg" crc="51373402" ref="research---smart-safe-connected">
      <caption webpage="research---smart-safe-connected" alt=""/>
    </file>
    <file name="nam_hyeyeon_2015-e1452888397479-150x150.jpg" crc="4043381681" ref="research---smart-safe-connected">
      <caption webpage="research---smart-safe-connected" alt=""/>
    </file>
    <file name="pasted image 1600x1067-u93174-fr.jpg" crc="99740144" ref="research---smart-safe-connected"/>
    <file name="pasted image 1500x2100-u93538-fr.jpg" crc="424241093" ref="research---smart-safe-connected"/>
    <file name="pasted image 1500x2100-u93540-fr.jpg" crc="283912008" ref="research---smart-safe-connected"/>
    <file name="robisonsamuel.jpg" crc="33854535" ref="research---smart-safe-connected">
      <caption webpage="research---smart-safe-connected" alt=""/>
    </file>
    <file name="pasted image 1500x2100-u93539-fr.jpg" crc="4191965860" ref="research---smart-safe-connected"/>
    <file name="pasted image 1500x2100-u93545-fr.jpg" crc="3815044025" ref="research---smart-safe-connected"/>
    <file name="pasted image 1500x2100-u128635-fr.jpg" crc="307341649" ref="research---smart-safe-connected"/>
    <file name="car1-u34143-fr2.jpg" crc="3910709279" ref="research---smart-safe-connected"/>
    <file name="pasted image 425x638-u34224-fr2.jpg" crc="227378850" ref="research---smart-safe-connected"/>
    <file name="kisunglee-u34139-fr.jpg" crc="4285578332" ref="research---smart-safe-connected"/>
    <file name="pasted image 1500x2100-u34187-fr2.jpg" crc="284987798" ref="research---smart-safe-connected"/>
    <file name="pasted image 240x240-u34182-fr.jpg" crc="41313528" ref="research---smart-safe-connected"/>
    <file name="pasted image 1500x2100-u92509-fr2.jpg" crc="3775646372" ref="research---smart-safe-connected"/>
    <file name="pasted image 1600x1067-u93174-fr2.jpg" crc="258885209" ref="research---smart-safe-connected"/>
    <file name="pasted image 1500x2100-u93538-fr2.jpg" crc="534407174" ref="research---smart-safe-connected"/>
    <file name="pasted image 1500x2100-u93539-fr2.jpg" crc="3930474444" ref="research---smart-safe-connected"/>
    <file name="pasted image 1500x2100-u93540-fr2.jpg" crc="100307647" ref="research---smart-safe-connected"/>
    <file name="pasted image 1500x2100-u93545-fr2.jpg" crc="4082839942" ref="research---smart-safe-connected"/>
    <file name="robisonsamuel-u113075-fr.jpg" crc="167357609" ref="research---smart-safe-connected"/>
    <file name="pasted image 1500x2100-u128635-fr2.jpg" crc="488131763" ref="research---smart-safe-connected"/>
    <file name="car1-u34143-fr3.jpg" crc="187243568" ref="research---smart-safe-connected"/>
    <file name="pasted image 425x638-u34224-fr3.jpg" crc="296491381" ref="research---smart-safe-connected"/>
    <file name="kisunglee-u34139-fr2.jpg" crc="211192316" ref="research---smart-safe-connected"/>
    <file name="pasted image 1500x2100-u34187-fr3.jpg" crc="98016916" ref="research---smart-safe-connected"/>
    <file name="pasted image 240x240-u34182-fr2.jpg" crc="3921094543" ref="research---smart-safe-connected"/>
    <file name="pasted image 1500x2100-u92509-fr3.jpg" crc="287813178" ref="research---smart-safe-connected"/>
    <file name="pasted image 200x200-u92510-fr.jpg" crc="3904435965" ref="research---smart-safe-connected"/>
    <file name="dipak-u112431-fr.jpg" crc="3900120774" ref="research---smart-safe-connected"/>
    <file name="pasted image 1600x1067-u93174-fr3.jpg" crc="131951573" ref="research---smart-safe-connected"/>
    <file name="pasted image 1500x2100-u93538-fr3.jpg" crc="4027997937" ref="research---smart-safe-connected"/>
    <file name="pasted image 1500x2100-u93539-fr3.jpg" crc="243638361" ref="research---smart-safe-connected"/>
    <file name="pasted image 1500x2100-u93540-fr3.jpg" crc="4016997080" ref="research---smart-safe-connected"/>
    <file name="pasted image 1500x2100-u93545-fr3.jpg" crc="451247148" ref="research---smart-safe-connected"/>
    <file name="robisonsamuel-u113075-fr2.jpg" crc="130715205" ref="research---smart-safe-connected"/>
    <file name="pasted image 1500x2100-u128635-fr3.jpg" crc="3769718782" ref="research---smart-safe-connected"/>
  </folder>
  <file name="index.html" crc="3923011300" seo="true" mt="1533754074049" redirect="true"/>
  <file name="our-city---smart-safe-connected.html" crc="375147077" seo="true" mt="1533749202063" redirect="true"/>
  <file name="research---smart-safe-connected.html" crc="361651959" seo="true" mt="1533749416295" redirect="true"/>
</manifest>